<?xml version="1.0" encoding="UTF-8"?>

<Configuration status="WARN" monitorInterval="30">

    <Properties>
        <Property name="LOG_PATTERN">%d{yyyy-MM-dd'T'HH:mm:ss.SSSZ} %p %m%n%throwable</Property>
        <Property name="APP_LOG_ROOT">/usr/local/tomcat/logs</Property>
        <!-- <Property name="APP_LOG_ROOT">C:\temp</Property> -->
    </Properties>

    <Appenders>
        <Console name="Console" target="SYSTEM_OUT" follow="true">
            <PatternLayout pattern="${LOG_PATTERN}" />
        </Console>

        <RollingFile name="appLog"
            fileName="${APP_LOG_ROOT}/SpringBoot2App/application.log"
            filePattern="${APP_LOG_ROOT}/SpringBoot2App/application-%d{yyyy-MM-dd}-%i.log">
            <PatternLayout pattern="${LOG_PATTERN}" />
            <Policies>
                <SizeBasedTriggeringPolicy size="19500KB" />
            </Policies>
            <DefaultRolloverStrategy max="1" />
        </RollingFile>
    </Appenders>

    <Loggers>
        <Logger name="com.kcc.springjpa" additivity="false">
            <AppenderRef ref="appLog" level="info"/>
            <AppenderRef ref="Console" level="info"/>
        </Logger>

        <Root level="info">
            <AppenderRef ref="Console" />
        </Root>
    </Loggers>

</Configuration>